claim_id,statement,query_ids,evidence_files,limitations_and_alternatives
C01,矛盾の見落としより、認識後の詳細仕様優先が記録に合う,threshold_fingerprint;interpretations,evidence/qualitative.json,自己説明・固定コード・7件の既存挙動を区別。記録を内心の完全な説明としない。
C02,閾値に直接・間接依存する13 IDに合格数差の62.5%が集中,groups;ids;trace_examples,evidence/dependency-map.json;evidence/private-evidence-index.json,事後的な分類。62.5%を因果寄与率・修正後の回復率としない。群内の全失敗を同一原因にしない。
C03,平均トークンは11.6%減るが合格IDあたり消費は37.8%増える,runs;groups,,既存評価への適合効率。業務価値、真の品質、金銭費用に置換しない。
C04,得点差は最悪の1ペアだけでは説明できず、低消費・同等以上の例外もある,pairs;pareto;runs,,全10通りの1ペア除外を提示。主比較から悪いRunを削除しない。
C05,条件を混ぜたトークンと得点の相関では成果の違いを十分説明できない,runs;pareto,,小標本の相関。難航による追加消費という逆因果や実装方針の違いが残る。
C06,残44 IDにも差があるが、不合格ケース数は独立した実装欠陥数ではない,features;feature_runs;categories;coverage;raw_case_status;classifications;groups,evidence/dependency-map.json,到達と前提未成立は重複。未裁定を実装原因へ変換しない。
C07,総トークン差は応答回数と応答あたり量へ分解でき、時間短縮とは一致しない,process;runs,,対称算術分解であって因果推定ではない。HTTP 200数を思考ステップ数としない。
C08,得点差の方向と比べ、トークン差には前後半・Run構成への依存がある,pairs;runs,,前後半分割は事後分析。bootstrapは評価器の系統的制約を補正しない。
C09,全20件への変更により旧14件抽出による比較対象の偏りが緩和された,http_groups;runs,,HTTP 400は無作為な処置ではない。発生と得点・消費の因果関係は未確認。
