planned_run,run_id,condition,feature_id,requested_ids,passed_ids,pass_percent
anti-001,256a2bf5-a8db-4a43-81bc-17bc38eda0d3,anti,F-001,4,4,100.0
anti-001,256a2bf5-a8db-4a43-81bc-17bc38eda0d3,anti,F-002,4,3,75.0
anti-001,256a2bf5-a8db-4a43-81bc-17bc38eda0d3,anti,F-003,2,2,100.0
anti-001,256a2bf5-a8db-4a43-81bc-17bc38eda0d3,anti,F-004,3,2,66.66666666666667
anti-001,256a2bf5-a8db-4a43-81bc-17bc38eda0d3,anti,F-005,2,2,100.0
anti-001,256a2bf5-a8db-4a43-81bc-17bc38eda0d3,anti,F-006,6,3,50.0
anti-001,256a2bf5-a8db-4a43-81bc-17bc38eda0d3,anti,F-007,3,0,0.0
anti-001,256a2bf5-a8db-4a43-81bc-17bc38eda0d3,anti,F-008,4,2,50.0
anti-001,256a2bf5-a8db-4a43-81bc-17bc38eda0d3,anti,F-009,2,1,50.0
anti-001,256a2bf5-a8db-4a43-81bc-17bc38eda0d3,anti,F-010,3,2,66.66666666666667
anti-001,256a2bf5-a8db-4a43-81bc-17bc38eda0d3,anti,F-011,2,0,0.0
anti-001,256a2bf5-a8db-4a43-81bc-17bc38eda0d3,anti,F-012,2,0,0.0
anti-001,256a2bf5-a8db-4a43-81bc-17bc38eda0d3,anti,F-013,2,0,0.0
anti-001,256a2bf5-a8db-4a43-81bc-17bc38eda0d3,anti,F-014,2,0,0.0
anti-001,256a2bf5-a8db-4a43-81bc-17bc38eda0d3,anti,F-015,1,0,0.0
anti-001,256a2bf5-a8db-4a43-81bc-17bc38eda0d3,anti,F-016,3,1,33.333333333333336
anti-001,256a2bf5-a8db-4a43-81bc-17bc38eda0d3,anti,F-017,2,0,0.0
anti-001,256a2bf5-a8db-4a43-81bc-17bc38eda0d3,anti,F-018,3,3,100.0
anti-001,256a2bf5-a8db-4a43-81bc-17bc38eda0d3,anti,F-019,3,3,100.0
anti-001,256a2bf5-a8db-4a43-81bc-17bc38eda0d3,anti,F-020,4,4,100.0
anti-002,11440dd4-c70f-466e-b37a-96376727430e,anti,F-001,4,0,0.0
anti-002,11440dd4-c70f-466e-b37a-96376727430e,anti,F-002,4,3,75.0
anti-002,11440dd4-c70f-466e-b37a-96376727430e,anti,F-003,2,2,100.0
anti-002,11440dd4-c70f-466e-b37a-96376727430e,anti,F-004,3,2,66.66666666666667
anti-002,11440dd4-c70f-466e-b37a-96376727430e,anti,F-005,2,1,50.0
anti-002,11440dd4-c70f-466e-b37a-96376727430e,anti,F-006,6,3,50.0
anti-002,11440dd4-c70f-466e-b37a-96376727430e,anti,F-007,3,3,100.0
anti-002,11440dd4-c70f-466e-b37a-96376727430e,anti,F-008,4,4,100.0
anti-002,11440dd4-c70f-466e-b37a-96376727430e,anti,F-009,2,1,50.0
anti-002,11440dd4-c70f-466e-b37a-96376727430e,anti,F-010,3,2,66.66666666666667
anti-002,11440dd4-c70f-466e-b37a-96376727430e,anti,F-011,2,0,0.0
anti-002,11440dd4-c70f-466e-b37a-96376727430e,anti,F-012,2,0,0.0
anti-002,11440dd4-c70f-466e-b37a-96376727430e,anti,F-013,2,0,0.0
anti-002,11440dd4-c70f-466e-b37a-96376727430e,anti,F-014,2,0,0.0
anti-002,11440dd4-c70f-466e-b37a-96376727430e,anti,F-015,1,0,0.0
anti-002,11440dd4-c70f-466e-b37a-96376727430e,anti,F-016,3,2,66.66666666666667
anti-002,11440dd4-c70f-466e-b37a-96376727430e,anti,F-017,2,2,100.0
anti-002,11440dd4-c70f-466e-b37a-96376727430e,anti,F-018,3,2,66.66666666666667
anti-002,11440dd4-c70f-466e-b37a-96376727430e,anti,F-019,3,2,66.66666666666667
anti-002,11440dd4-c70f-466e-b37a-96376727430e,anti,F-020,4,4,100.0
anti-003,9a8c5ff6-e5df-4b20-8646-cf11e16ed257,anti,F-001,4,4,100.0
anti-003,9a8c5ff6-e5df-4b20-8646-cf11e16ed257,anti,F-002,4,3,75.0
anti-003,9a8c5ff6-e5df-4b20-8646-cf11e16ed257,anti,F-003,2,1,50.0
anti-003,9a8c5ff6-e5df-4b20-8646-cf11e16ed257,anti,F-004,3,2,66.66666666666667
anti-003,9a8c5ff6-e5df-4b20-8646-cf11e16ed257,anti,F-005,2,2,100.0
anti-003,9a8c5ff6-e5df-4b20-8646-cf11e16ed257,anti,F-006,6,3,50.0
anti-003,9a8c5ff6-e5df-4b20-8646-cf11e16ed257,anti,F-007,3,0,0.0
anti-003,9a8c5ff6-e5df-4b20-8646-cf11e16ed257,anti,F-008,4,2,50.0
anti-003,9a8c5ff6-e5df-4b20-8646-cf11e16ed257,anti,F-009,2,1,50.0
anti-003,9a8c5ff6-e5df-4b20-8646-cf11e16ed257,anti,F-010,3,1,33.333333333333336
anti-003,9a8c5ff6-e5df-4b20-8646-cf11e16ed257,anti,F-011,2,0,0.0
anti-003,9a8c5ff6-e5df-4b20-8646-cf11e16ed257,anti,F-012,2,0,0.0
anti-003,9a8c5ff6-e5df-4b20-8646-cf11e16ed257,anti,F-013,2,0,0.0
anti-003,9a8c5ff6-e5df-4b20-8646-cf11e16ed257,anti,F-014,2,0,0.0
anti-003,9a8c5ff6-e5df-4b20-8646-cf11e16ed257,anti,F-015,1,0,0.0
anti-003,9a8c5ff6-e5df-4b20-8646-cf11e16ed257,anti,F-016,3,1,33.333333333333336
anti-003,9a8c5ff6-e5df-4b20-8646-cf11e16ed257,anti,F-017,2,0,0.0
anti-003,9a8c5ff6-e5df-4b20-8646-cf11e16ed257,anti,F-018,3,3,100.0
anti-003,9a8c5ff6-e5df-4b20-8646-cf11e16ed257,anti,F-019,3,2,66.66666666666667
anti-003,9a8c5ff6-e5df-4b20-8646-cf11e16ed257,anti,F-020,4,4,100.0
anti-004,47b5dc69-6cad-48e4-9959-339ef37bccd4,anti,F-001,4,2,50.0
anti-004,47b5dc69-6cad-48e4-9959-339ef37bccd4,anti,F-002,4,1,25.0
anti-004,47b5dc69-6cad-48e4-9959-339ef37bccd4,anti,F-003,2,0,0.0
anti-004,47b5dc69-6cad-48e4-9959-339ef37bccd4,anti,F-004,3,0,0.0
anti-004,47b5dc69-6cad-48e4-9959-339ef37bccd4,anti,F-005,2,0,0.0
anti-004,47b5dc69-6cad-48e4-9959-339ef37bccd4,anti,F-006,6,0,0.0
anti-004,47b5dc69-6cad-48e4-9959-339ef37bccd4,anti,F-007,3,0,0.0
anti-004,47b5dc69-6cad-48e4-9959-339ef37bccd4,anti,F-008,4,0,0.0
anti-004,47b5dc69-6cad-48e4-9959-339ef37bccd4,anti,F-009,2,0,0.0
anti-004,47b5dc69-6cad-48e4-9959-339ef37bccd4,anti,F-010,3,0,0.0
anti-004,47b5dc69-6cad-48e4-9959-339ef37bccd4,anti,F-011,2,0,0.0
anti-004,47b5dc69-6cad-48e4-9959-339ef37bccd4,anti,F-012,2,0,0.0
anti-004,47b5dc69-6cad-48e4-9959-339ef37bccd4,anti,F-013,2,0,0.0
anti-004,47b5dc69-6cad-48e4-9959-339ef37bccd4,anti,F-014,2,0,0.0
anti-004,47b5dc69-6cad-48e4-9959-339ef37bccd4,anti,F-015,1,0,0.0
anti-004,47b5dc69-6cad-48e4-9959-339ef37bccd4,anti,F-016,3,0,0.0
anti-004,47b5dc69-6cad-48e4-9959-339ef37bccd4,anti,F-017,2,0,0.0
anti-004,47b5dc69-6cad-48e4-9959-339ef37bccd4,anti,F-018,3,0,0.0
anti-004,47b5dc69-6cad-48e4-9959-339ef37bccd4,anti,F-019,3,0,0.0
anti-004,47b5dc69-6cad-48e4-9959-339ef37bccd4,anti,F-020,4,0,0.0
anti-005,600f4ba8-acdf-42ae-99e7-c86b95372d7e,anti,F-001,4,3,75.0
anti-005,600f4ba8-acdf-42ae-99e7-c86b95372d7e,anti,F-002,4,3,75.0
anti-005,600f4ba8-acdf-42ae-99e7-c86b95372d7e,anti,F-003,2,2,100.0
anti-005,600f4ba8-acdf-42ae-99e7-c86b95372d7e,anti,F-004,3,1,33.333333333333336
anti-005,600f4ba8-acdf-42ae-99e7-c86b95372d7e,anti,F-005,2,0,0.0
anti-005,600f4ba8-acdf-42ae-99e7-c86b95372d7e,anti,F-006,6,1,16.666666666666668
anti-005,600f4ba8-acdf-42ae-99e7-c86b95372d7e,anti,F-007,3,0,0.0
anti-005,600f4ba8-acdf-42ae-99e7-c86b95372d7e,anti,F-008,4,2,50.0
anti-005,600f4ba8-acdf-42ae-99e7-c86b95372d7e,anti,F-009,2,0,0.0
anti-005,600f4ba8-acdf-42ae-99e7-c86b95372d7e,anti,F-010,3,0,0.0
anti-005,600f4ba8-acdf-42ae-99e7-c86b95372d7e,anti,F-011,2,0,0.0
anti-005,600f4ba8-acdf-42ae-99e7-c86b95372d7e,anti,F-012,2,0,0.0
anti-005,600f4ba8-acdf-42ae-99e7-c86b95372d7e,anti,F-013,2,0,0.0
anti-005,600f4ba8-acdf-42ae-99e7-c86b95372d7e,anti,F-014,2,0,0.0
anti-005,600f4ba8-acdf-42ae-99e7-c86b95372d7e,anti,F-015,1,0,0.0
anti-005,600f4ba8-acdf-42ae-99e7-c86b95372d7e,anti,F-016,3,1,33.333333333333336
anti-005,600f4ba8-acdf-42ae-99e7-c86b95372d7e,anti,F-017,2,0,0.0
anti-005,600f4ba8-acdf-42ae-99e7-c86b95372d7e,anti,F-018,3,1,33.333333333333336
anti-005,600f4ba8-acdf-42ae-99e7-c86b95372d7e,anti,F-019,3,3,100.0
anti-005,600f4ba8-acdf-42ae-99e7-c86b95372d7e,anti,F-020,4,4,100.0
anti-006,6af34679-56f4-46d3-96f9-270931c32699,anti,F-001,4,4,100.0
anti-006,6af34679-56f4-46d3-96f9-270931c32699,anti,F-002,4,3,75.0
anti-006,6af34679-56f4-46d3-96f9-270931c32699,anti,F-003,2,1,50.0
anti-006,6af34679-56f4-46d3-96f9-270931c32699,anti,F-004,3,0,0.0
anti-006,6af34679-56f4-46d3-96f9-270931c32699,anti,F-005,2,1,50.0
anti-006,6af34679-56f4-46d3-96f9-270931c32699,anti,F-006,6,3,50.0
anti-006,6af34679-56f4-46d3-96f9-270931c32699,anti,F-007,3,0,0.0
anti-006,6af34679-56f4-46d3-96f9-270931c32699,anti,F-008,4,2,50.0
anti-006,6af34679-56f4-46d3-96f9-270931c32699,anti,F-009,2,2,100.0
anti-006,6af34679-56f4-46d3-96f9-270931c32699,anti,F-010,3,2,66.66666666666667
anti-006,6af34679-56f4-46d3-96f9-270931c32699,anti,F-011,2,0,0.0
anti-006,6af34679-56f4-46d3-96f9-270931c32699,anti,F-012,2,0,0.0
anti-006,6af34679-56f4-46d3-96f9-270931c32699,anti,F-013,2,0,0.0
anti-006,6af34679-56f4-46d3-96f9-270931c32699,anti,F-014,2,0,0.0
anti-006,6af34679-56f4-46d3-96f9-270931c32699,anti,F-015,1,0,0.0
anti-006,6af34679-56f4-46d3-96f9-270931c32699,anti,F-016,3,1,33.333333333333336
anti-006,6af34679-56f4-46d3-96f9-270931c32699,anti,F-017,2,0,0.0
anti-006,6af34679-56f4-46d3-96f9-270931c32699,anti,F-018,3,3,100.0
anti-006,6af34679-56f4-46d3-96f9-270931c32699,anti,F-019,3,2,66.66666666666667
anti-006,6af34679-56f4-46d3-96f9-270931c32699,anti,F-020,4,2,50.0
anti-007,76cac053-f623-45d1-96ff-c77edf4a0bee,anti,F-001,4,4,100.0
anti-007,76cac053-f623-45d1-96ff-c77edf4a0bee,anti,F-002,4,3,75.0
anti-007,76cac053-f623-45d1-96ff-c77edf4a0bee,anti,F-003,2,0,0.0
anti-007,76cac053-f623-45d1-96ff-c77edf4a0bee,anti,F-004,3,0,0.0
anti-007,76cac053-f623-45d1-96ff-c77edf4a0bee,anti,F-005,2,2,100.0
anti-007,76cac053-f623-45d1-96ff-c77edf4a0bee,anti,F-006,6,3,50.0
anti-007,76cac053-f623-45d1-96ff-c77edf4a0bee,anti,F-007,3,3,100.0
anti-007,76cac053-f623-45d1-96ff-c77edf4a0bee,anti,F-008,4,2,50.0
anti-007,76cac053-f623-45d1-96ff-c77edf4a0bee,anti,F-009,2,1,50.0
anti-007,76cac053-f623-45d1-96ff-c77edf4a0bee,anti,F-010,3,2,66.66666666666667
anti-007,76cac053-f623-45d1-96ff-c77edf4a0bee,anti,F-011,2,0,0.0
anti-007,76cac053-f623-45d1-96ff-c77edf4a0bee,anti,F-012,2,0,0.0
anti-007,76cac053-f623-45d1-96ff-c77edf4a0bee,anti,F-013,2,0,0.0
anti-007,76cac053-f623-45d1-96ff-c77edf4a0bee,anti,F-014,2,0,0.0
anti-007,76cac053-f623-45d1-96ff-c77edf4a0bee,anti,F-015,1,0,0.0
anti-007,76cac053-f623-45d1-96ff-c77edf4a0bee,anti,F-016,3,2,66.66666666666667
anti-007,76cac053-f623-45d1-96ff-c77edf4a0bee,anti,F-017,2,2,100.0
anti-007,76cac053-f623-45d1-96ff-c77edf4a0bee,anti,F-018,3,3,100.0
anti-007,76cac053-f623-45d1-96ff-c77edf4a0bee,anti,F-019,3,2,66.66666666666667
anti-007,76cac053-f623-45d1-96ff-c77edf4a0bee,anti,F-020,4,2,50.0
anti-008,69c2fcf8-cab9-49f0-ae99-d1aef80a64ab,anti,F-001,4,4,100.0
anti-008,69c2fcf8-cab9-49f0-ae99-d1aef80a64ab,anti,F-002,4,2,50.0
anti-008,69c2fcf8-cab9-49f0-ae99-d1aef80a64ab,anti,F-003,2,2,100.0
anti-008,69c2fcf8-cab9-49f0-ae99-d1aef80a64ab,anti,F-004,3,2,66.66666666666667
anti-008,69c2fcf8-cab9-49f0-ae99-d1aef80a64ab,anti,F-005,2,1,50.0
anti-008,69c2fcf8-cab9-49f0-ae99-d1aef80a64ab,anti,F-006,6,3,50.0
anti-008,69c2fcf8-cab9-49f0-ae99-d1aef80a64ab,anti,F-007,3,0,0.0
anti-008,69c2fcf8-cab9-49f0-ae99-d1aef80a64ab,anti,F-008,4,2,50.0
anti-008,69c2fcf8-cab9-49f0-ae99-d1aef80a64ab,anti,F-009,2,2,100.0
anti-008,69c2fcf8-cab9-49f0-ae99-d1aef80a64ab,anti,F-010,3,2,66.66666666666667
anti-008,69c2fcf8-cab9-49f0-ae99-d1aef80a64ab,anti,F-011,2,0,0.0
anti-008,69c2fcf8-cab9-49f0-ae99-d1aef80a64ab,anti,F-012,2,0,0.0
anti-008,69c2fcf8-cab9-49f0-ae99-d1aef80a64ab,anti,F-013,2,0,0.0
anti-008,69c2fcf8-cab9-49f0-ae99-d1aef80a64ab,anti,F-014,2,0,0.0
anti-008,69c2fcf8-cab9-49f0-ae99-d1aef80a64ab,anti,F-015,1,0,0.0
anti-008,69c2fcf8-cab9-49f0-ae99-d1aef80a64ab,anti,F-016,3,1,33.333333333333336
anti-008,69c2fcf8-cab9-49f0-ae99-d1aef80a64ab,anti,F-017,2,0,0.0
anti-008,69c2fcf8-cab9-49f0-ae99-d1aef80a64ab,anti,F-018,3,3,100.0
anti-008,69c2fcf8-cab9-49f0-ae99-d1aef80a64ab,anti,F-019,3,3,100.0
anti-008,69c2fcf8-cab9-49f0-ae99-d1aef80a64ab,anti,F-020,4,4,100.0
anti-009,dc4b4eaa-b0e8-4bf9-abbd-f777a2008ee6,anti,F-001,4,4,100.0
anti-009,dc4b4eaa-b0e8-4bf9-abbd-f777a2008ee6,anti,F-002,4,3,75.0
anti-009,dc4b4eaa-b0e8-4bf9-abbd-f777a2008ee6,anti,F-003,2,2,100.0
anti-009,dc4b4eaa-b0e8-4bf9-abbd-f777a2008ee6,anti,F-004,3,1,33.333333333333336
anti-009,dc4b4eaa-b0e8-4bf9-abbd-f777a2008ee6,anti,F-005,2,1,50.0
anti-009,dc4b4eaa-b0e8-4bf9-abbd-f777a2008ee6,anti,F-006,6,3,50.0
anti-009,dc4b4eaa-b0e8-4bf9-abbd-f777a2008ee6,anti,F-007,3,3,100.0
anti-009,dc4b4eaa-b0e8-4bf9-abbd-f777a2008ee6,anti,F-008,4,4,100.0
anti-009,dc4b4eaa-b0e8-4bf9-abbd-f777a2008ee6,anti,F-009,2,1,50.0
anti-009,dc4b4eaa-b0e8-4bf9-abbd-f777a2008ee6,anti,F-010,3,2,66.66666666666667
anti-009,dc4b4eaa-b0e8-4bf9-abbd-f777a2008ee6,anti,F-011,2,1,50.0
anti-009,dc4b4eaa-b0e8-4bf9-abbd-f777a2008ee6,anti,F-012,2,0,0.0
anti-009,dc4b4eaa-b0e8-4bf9-abbd-f777a2008ee6,anti,F-013,2,0,0.0
anti-009,dc4b4eaa-b0e8-4bf9-abbd-f777a2008ee6,anti,F-014,2,0,0.0
anti-009,dc4b4eaa-b0e8-4bf9-abbd-f777a2008ee6,anti,F-015,1,0,0.0
anti-009,dc4b4eaa-b0e8-4bf9-abbd-f777a2008ee6,anti,F-016,3,2,66.66666666666667
anti-009,dc4b4eaa-b0e8-4bf9-abbd-f777a2008ee6,anti,F-017,2,2,100.0
anti-009,dc4b4eaa-b0e8-4bf9-abbd-f777a2008ee6,anti,F-018,3,3,100.0
anti-009,dc4b4eaa-b0e8-4bf9-abbd-f777a2008ee6,anti,F-019,3,3,100.0
anti-009,dc4b4eaa-b0e8-4bf9-abbd-f777a2008ee6,anti,F-020,4,4,100.0
anti-010,7e5974e1-e419-4e9d-96f3-332c91617c78,anti,F-001,4,2,50.0
anti-010,7e5974e1-e419-4e9d-96f3-332c91617c78,anti,F-002,4,3,75.0
anti-010,7e5974e1-e419-4e9d-96f3-332c91617c78,anti,F-003,2,0,0.0
anti-010,7e5974e1-e419-4e9d-96f3-332c91617c78,anti,F-004,3,0,0.0
anti-010,7e5974e1-e419-4e9d-96f3-332c91617c78,anti,F-005,2,0,0.0
anti-010,7e5974e1-e419-4e9d-96f3-332c91617c78,anti,F-006,6,0,0.0
anti-010,7e5974e1-e419-4e9d-96f3-332c91617c78,anti,F-007,3,0,0.0
anti-010,7e5974e1-e419-4e9d-96f3-332c91617c78,anti,F-008,4,0,0.0
anti-010,7e5974e1-e419-4e9d-96f3-332c91617c78,anti,F-009,2,0,0.0
anti-010,7e5974e1-e419-4e9d-96f3-332c91617c78,anti,F-010,3,0,0.0
anti-010,7e5974e1-e419-4e9d-96f3-332c91617c78,anti,F-011,2,0,0.0
anti-010,7e5974e1-e419-4e9d-96f3-332c91617c78,anti,F-012,2,0,0.0
anti-010,7e5974e1-e419-4e9d-96f3-332c91617c78,anti,F-013,2,0,0.0
anti-010,7e5974e1-e419-4e9d-96f3-332c91617c78,anti,F-014,2,0,0.0
anti-010,7e5974e1-e419-4e9d-96f3-332c91617c78,anti,F-015,1,0,0.0
anti-010,7e5974e1-e419-4e9d-96f3-332c91617c78,anti,F-016,3,0,0.0
anti-010,7e5974e1-e419-4e9d-96f3-332c91617c78,anti,F-017,2,0,0.0
anti-010,7e5974e1-e419-4e9d-96f3-332c91617c78,anti,F-018,3,3,100.0
anti-010,7e5974e1-e419-4e9d-96f3-332c91617c78,anti,F-019,3,2,66.66666666666667
anti-010,7e5974e1-e419-4e9d-96f3-332c91617c78,anti,F-020,4,3,75.0
normal-001,daedcc21-8243-4234-8df7-945db1b684c0,normal,F-001,4,0,0.0
normal-001,daedcc21-8243-4234-8df7-945db1b684c0,normal,F-002,4,2,50.0
normal-001,daedcc21-8243-4234-8df7-945db1b684c0,normal,F-003,2,1,50.0
normal-001,daedcc21-8243-4234-8df7-945db1b684c0,normal,F-004,3,1,33.333333333333336
normal-001,daedcc21-8243-4234-8df7-945db1b684c0,normal,F-005,2,2,100.0
normal-001,daedcc21-8243-4234-8df7-945db1b684c0,normal,F-006,6,6,100.0
normal-001,daedcc21-8243-4234-8df7-945db1b684c0,normal,F-007,3,0,0.0
normal-001,daedcc21-8243-4234-8df7-945db1b684c0,normal,F-008,4,3,75.0
normal-001,daedcc21-8243-4234-8df7-945db1b684c0,normal,F-009,2,0,0.0
normal-001,daedcc21-8243-4234-8df7-945db1b684c0,normal,F-010,3,2,66.66666666666667
normal-001,daedcc21-8243-4234-8df7-945db1b684c0,normal,F-011,2,1,50.0
normal-001,daedcc21-8243-4234-8df7-945db1b684c0,normal,F-012,2,2,100.0
normal-001,daedcc21-8243-4234-8df7-945db1b684c0,normal,F-013,2,1,50.0
normal-001,daedcc21-8243-4234-8df7-945db1b684c0,normal,F-014,2,2,100.0
normal-001,daedcc21-8243-4234-8df7-945db1b684c0,normal,F-015,1,0,0.0
normal-001,daedcc21-8243-4234-8df7-945db1b684c0,normal,F-016,3,1,33.333333333333336
normal-001,daedcc21-8243-4234-8df7-945db1b684c0,normal,F-017,2,0,0.0
normal-001,daedcc21-8243-4234-8df7-945db1b684c0,normal,F-018,3,2,66.66666666666667
normal-001,daedcc21-8243-4234-8df7-945db1b684c0,normal,F-019,3,2,66.66666666666667
normal-001,daedcc21-8243-4234-8df7-945db1b684c0,normal,F-020,4,3,75.0
normal-002,6a301665-ffc6-40e3-918a-d7fad37e8d29,normal,F-001,4,4,100.0
normal-002,6a301665-ffc6-40e3-918a-d7fad37e8d29,normal,F-002,4,3,75.0
normal-002,6a301665-ffc6-40e3-918a-d7fad37e8d29,normal,F-003,2,2,100.0
normal-002,6a301665-ffc6-40e3-918a-d7fad37e8d29,normal,F-004,3,1,33.333333333333336
normal-002,6a301665-ffc6-40e3-918a-d7fad37e8d29,normal,F-005,2,2,100.0
normal-002,6a301665-ffc6-40e3-918a-d7fad37e8d29,normal,F-006,6,6,100.0
normal-002,6a301665-ffc6-40e3-918a-d7fad37e8d29,normal,F-007,3,3,100.0
normal-002,6a301665-ffc6-40e3-918a-d7fad37e8d29,normal,F-008,4,4,100.0
normal-002,6a301665-ffc6-40e3-918a-d7fad37e8d29,normal,F-009,2,2,100.0
normal-002,6a301665-ffc6-40e3-918a-d7fad37e8d29,normal,F-010,3,3,100.0
normal-002,6a301665-ffc6-40e3-918a-d7fad37e8d29,normal,F-011,2,2,100.0
normal-002,6a301665-ffc6-40e3-918a-d7fad37e8d29,normal,F-012,2,2,100.0
normal-002,6a301665-ffc6-40e3-918a-d7fad37e8d29,normal,F-013,2,1,50.0
normal-002,6a301665-ffc6-40e3-918a-d7fad37e8d29,normal,F-014,2,2,100.0
normal-002,6a301665-ffc6-40e3-918a-d7fad37e8d29,normal,F-015,1,0,0.0
normal-002,6a301665-ffc6-40e3-918a-d7fad37e8d29,normal,F-016,3,2,66.66666666666667
normal-002,6a301665-ffc6-40e3-918a-d7fad37e8d29,normal,F-017,2,1,50.0
normal-002,6a301665-ffc6-40e3-918a-d7fad37e8d29,normal,F-018,3,3,100.0
normal-002,6a301665-ffc6-40e3-918a-d7fad37e8d29,normal,F-019,3,3,100.0
normal-002,6a301665-ffc6-40e3-918a-d7fad37e8d29,normal,F-020,4,4,100.0
normal-003,cf27fbcf-5851-4bb9-8d56-b0fb385878e7,normal,F-001,4,4,100.0
normal-003,cf27fbcf-5851-4bb9-8d56-b0fb385878e7,normal,F-002,4,3,75.0
normal-003,cf27fbcf-5851-4bb9-8d56-b0fb385878e7,normal,F-003,2,0,0.0
normal-003,cf27fbcf-5851-4bb9-8d56-b0fb385878e7,normal,F-004,3,0,0.0
normal-003,cf27fbcf-5851-4bb9-8d56-b0fb385878e7,normal,F-005,2,2,100.0
normal-003,cf27fbcf-5851-4bb9-8d56-b0fb385878e7,normal,F-006,6,6,100.0
normal-003,cf27fbcf-5851-4bb9-8d56-b0fb385878e7,normal,F-007,3,3,100.0
normal-003,cf27fbcf-5851-4bb9-8d56-b0fb385878e7,normal,F-008,4,4,100.0
normal-003,cf27fbcf-5851-4bb9-8d56-b0fb385878e7,normal,F-009,2,1,50.0
normal-003,cf27fbcf-5851-4bb9-8d56-b0fb385878e7,normal,F-010,3,2,66.66666666666667
normal-003,cf27fbcf-5851-4bb9-8d56-b0fb385878e7,normal,F-011,2,1,50.0
normal-003,cf27fbcf-5851-4bb9-8d56-b0fb385878e7,normal,F-012,2,2,100.0
normal-003,cf27fbcf-5851-4bb9-8d56-b0fb385878e7,normal,F-013,2,1,50.0
normal-003,cf27fbcf-5851-4bb9-8d56-b0fb385878e7,normal,F-014,2,2,100.0
normal-003,cf27fbcf-5851-4bb9-8d56-b0fb385878e7,normal,F-015,1,0,0.0
normal-003,cf27fbcf-5851-4bb9-8d56-b0fb385878e7,normal,F-016,3,2,66.66666666666667
normal-003,cf27fbcf-5851-4bb9-8d56-b0fb385878e7,normal,F-017,2,1,50.0
normal-003,cf27fbcf-5851-4bb9-8d56-b0fb385878e7,normal,F-018,3,3,100.0
normal-003,cf27fbcf-5851-4bb9-8d56-b0fb385878e7,normal,F-019,3,3,100.0
normal-003,cf27fbcf-5851-4bb9-8d56-b0fb385878e7,normal,F-020,4,2,50.0
normal-004,833a4f06-b9c0-4a95-a03e-65dea5922e72,normal,F-001,4,4,100.0
normal-004,833a4f06-b9c0-4a95-a03e-65dea5922e72,normal,F-002,4,3,75.0
normal-004,833a4f06-b9c0-4a95-a03e-65dea5922e72,normal,F-003,2,1,50.0
normal-004,833a4f06-b9c0-4a95-a03e-65dea5922e72,normal,F-004,3,1,33.333333333333336
normal-004,833a4f06-b9c0-4a95-a03e-65dea5922e72,normal,F-005,2,2,100.0
normal-004,833a4f06-b9c0-4a95-a03e-65dea5922e72,normal,F-006,6,6,100.0
normal-004,833a4f06-b9c0-4a95-a03e-65dea5922e72,normal,F-007,3,3,100.0
normal-004,833a4f06-b9c0-4a95-a03e-65dea5922e72,normal,F-008,4,3,75.0
normal-004,833a4f06-b9c0-4a95-a03e-65dea5922e72,normal,F-009,2,2,100.0
normal-004,833a4f06-b9c0-4a95-a03e-65dea5922e72,normal,F-010,3,2,66.66666666666667
normal-004,833a4f06-b9c0-4a95-a03e-65dea5922e72,normal,F-011,2,1,50.0
normal-004,833a4f06-b9c0-4a95-a03e-65dea5922e72,normal,F-012,2,2,100.0
normal-004,833a4f06-b9c0-4a95-a03e-65dea5922e72,normal,F-013,2,1,50.0
normal-004,833a4f06-b9c0-4a95-a03e-65dea5922e72,normal,F-014,2,2,100.0
normal-004,833a4f06-b9c0-4a95-a03e-65dea5922e72,normal,F-015,1,0,0.0
normal-004,833a4f06-b9c0-4a95-a03e-65dea5922e72,normal,F-016,3,2,66.66666666666667
normal-004,833a4f06-b9c0-4a95-a03e-65dea5922e72,normal,F-017,2,0,0.0
normal-004,833a4f06-b9c0-4a95-a03e-65dea5922e72,normal,F-018,3,3,100.0
normal-004,833a4f06-b9c0-4a95-a03e-65dea5922e72,normal,F-019,3,3,100.0
normal-004,833a4f06-b9c0-4a95-a03e-65dea5922e72,normal,F-020,4,1,25.0
normal-005,4fec6537-4704-46a5-a732-8ea312b2551c,normal,F-001,4,4,100.0
normal-005,4fec6537-4704-46a5-a732-8ea312b2551c,normal,F-002,4,2,50.0
normal-005,4fec6537-4704-46a5-a732-8ea312b2551c,normal,F-003,2,0,0.0
normal-005,4fec6537-4704-46a5-a732-8ea312b2551c,normal,F-004,3,2,66.66666666666667
normal-005,4fec6537-4704-46a5-a732-8ea312b2551c,normal,F-005,2,1,50.0
normal-005,4fec6537-4704-46a5-a732-8ea312b2551c,normal,F-006,6,6,100.0
normal-005,4fec6537-4704-46a5-a732-8ea312b2551c,normal,F-007,3,2,66.66666666666667
normal-005,4fec6537-4704-46a5-a732-8ea312b2551c,normal,F-008,4,4,100.0
normal-005,4fec6537-4704-46a5-a732-8ea312b2551c,normal,F-009,2,1,50.0
normal-005,4fec6537-4704-46a5-a732-8ea312b2551c,normal,F-010,3,3,100.0
normal-005,4fec6537-4704-46a5-a732-8ea312b2551c,normal,F-011,2,1,50.0
normal-005,4fec6537-4704-46a5-a732-8ea312b2551c,normal,F-012,2,1,50.0
normal-005,4fec6537-4704-46a5-a732-8ea312b2551c,normal,F-013,2,1,50.0
normal-005,4fec6537-4704-46a5-a732-8ea312b2551c,normal,F-014,2,2,100.0
normal-005,4fec6537-4704-46a5-a732-8ea312b2551c,normal,F-015,1,0,0.0
normal-005,4fec6537-4704-46a5-a732-8ea312b2551c,normal,F-016,3,2,66.66666666666667
normal-005,4fec6537-4704-46a5-a732-8ea312b2551c,normal,F-017,2,1,50.0
normal-005,4fec6537-4704-46a5-a732-8ea312b2551c,normal,F-018,3,3,100.0
normal-005,4fec6537-4704-46a5-a732-8ea312b2551c,normal,F-019,3,3,100.0
normal-005,4fec6537-4704-46a5-a732-8ea312b2551c,normal,F-020,4,3,75.0
normal-006,bf51ba90-dc2c-4f70-85da-a9de5642d0a4,normal,F-001,4,4,100.0
normal-006,bf51ba90-dc2c-4f70-85da-a9de5642d0a4,normal,F-002,4,2,50.0
normal-006,bf51ba90-dc2c-4f70-85da-a9de5642d0a4,normal,F-003,2,0,0.0
normal-006,bf51ba90-dc2c-4f70-85da-a9de5642d0a4,normal,F-004,3,2,66.66666666666667
normal-006,bf51ba90-dc2c-4f70-85da-a9de5642d0a4,normal,F-005,2,1,50.0
normal-006,bf51ba90-dc2c-4f70-85da-a9de5642d0a4,normal,F-006,6,6,100.0
normal-006,bf51ba90-dc2c-4f70-85da-a9de5642d0a4,normal,F-007,3,1,33.333333333333336
normal-006,bf51ba90-dc2c-4f70-85da-a9de5642d0a4,normal,F-008,4,2,50.0
normal-006,bf51ba90-dc2c-4f70-85da-a9de5642d0a4,normal,F-009,2,1,50.0
normal-006,bf51ba90-dc2c-4f70-85da-a9de5642d0a4,normal,F-010,3,2,66.66666666666667
normal-006,bf51ba90-dc2c-4f70-85da-a9de5642d0a4,normal,F-011,2,2,100.0
normal-006,bf51ba90-dc2c-4f70-85da-a9de5642d0a4,normal,F-012,2,1,50.0
normal-006,bf51ba90-dc2c-4f70-85da-a9de5642d0a4,normal,F-013,2,1,50.0
normal-006,bf51ba90-dc2c-4f70-85da-a9de5642d0a4,normal,F-014,2,1,50.0
normal-006,bf51ba90-dc2c-4f70-85da-a9de5642d0a4,normal,F-015,1,0,0.0
normal-006,bf51ba90-dc2c-4f70-85da-a9de5642d0a4,normal,F-016,3,1,33.333333333333336
normal-006,bf51ba90-dc2c-4f70-85da-a9de5642d0a4,normal,F-017,2,0,0.0
normal-006,bf51ba90-dc2c-4f70-85da-a9de5642d0a4,normal,F-018,3,3,100.0
normal-006,bf51ba90-dc2c-4f70-85da-a9de5642d0a4,normal,F-019,3,3,100.0
normal-006,bf51ba90-dc2c-4f70-85da-a9de5642d0a4,normal,F-020,4,4,100.0
normal-007,09dbcec8-c9c3-49ec-921c-766894607e07,normal,F-001,4,4,100.0
normal-007,09dbcec8-c9c3-49ec-921c-766894607e07,normal,F-002,4,3,75.0
normal-007,09dbcec8-c9c3-49ec-921c-766894607e07,normal,F-003,2,2,100.0
normal-007,09dbcec8-c9c3-49ec-921c-766894607e07,normal,F-004,3,1,33.333333333333336
normal-007,09dbcec8-c9c3-49ec-921c-766894607e07,normal,F-005,2,2,100.0
normal-007,09dbcec8-c9c3-49ec-921c-766894607e07,normal,F-006,6,6,100.0
normal-007,09dbcec8-c9c3-49ec-921c-766894607e07,normal,F-007,3,0,0.0
normal-007,09dbcec8-c9c3-49ec-921c-766894607e07,normal,F-008,4,2,50.0
normal-007,09dbcec8-c9c3-49ec-921c-766894607e07,normal,F-009,2,2,100.0
normal-007,09dbcec8-c9c3-49ec-921c-766894607e07,normal,F-010,3,2,66.66666666666667
normal-007,09dbcec8-c9c3-49ec-921c-766894607e07,normal,F-011,2,1,50.0
normal-007,09dbcec8-c9c3-49ec-921c-766894607e07,normal,F-012,2,1,50.0
normal-007,09dbcec8-c9c3-49ec-921c-766894607e07,normal,F-013,2,1,50.0
normal-007,09dbcec8-c9c3-49ec-921c-766894607e07,normal,F-014,2,2,100.0
normal-007,09dbcec8-c9c3-49ec-921c-766894607e07,normal,F-015,1,0,0.0
normal-007,09dbcec8-c9c3-49ec-921c-766894607e07,normal,F-016,3,1,33.333333333333336
normal-007,09dbcec8-c9c3-49ec-921c-766894607e07,normal,F-017,2,0,0.0
normal-007,09dbcec8-c9c3-49ec-921c-766894607e07,normal,F-018,3,3,100.0
normal-007,09dbcec8-c9c3-49ec-921c-766894607e07,normal,F-019,3,3,100.0
normal-007,09dbcec8-c9c3-49ec-921c-766894607e07,normal,F-020,4,4,100.0
normal-008,cc1ad56e-0db0-4187-8d1d-9e89552abe92,normal,F-001,4,4,100.0
normal-008,cc1ad56e-0db0-4187-8d1d-9e89552abe92,normal,F-002,4,3,75.0
normal-008,cc1ad56e-0db0-4187-8d1d-9e89552abe92,normal,F-003,2,2,100.0
normal-008,cc1ad56e-0db0-4187-8d1d-9e89552abe92,normal,F-004,3,2,66.66666666666667
normal-008,cc1ad56e-0db0-4187-8d1d-9e89552abe92,normal,F-005,2,1,50.0
normal-008,cc1ad56e-0db0-4187-8d1d-9e89552abe92,normal,F-006,6,6,100.0
normal-008,cc1ad56e-0db0-4187-8d1d-9e89552abe92,normal,F-007,3,1,33.333333333333336
normal-008,cc1ad56e-0db0-4187-8d1d-9e89552abe92,normal,F-008,4,2,50.0
normal-008,cc1ad56e-0db0-4187-8d1d-9e89552abe92,normal,F-009,2,2,100.0
normal-008,cc1ad56e-0db0-4187-8d1d-9e89552abe92,normal,F-010,3,2,66.66666666666667
normal-008,cc1ad56e-0db0-4187-8d1d-9e89552abe92,normal,F-011,2,1,50.0
normal-008,cc1ad56e-0db0-4187-8d1d-9e89552abe92,normal,F-012,2,2,100.0
normal-008,cc1ad56e-0db0-4187-8d1d-9e89552abe92,normal,F-013,2,1,50.0
normal-008,cc1ad56e-0db0-4187-8d1d-9e89552abe92,normal,F-014,2,2,100.0
normal-008,cc1ad56e-0db0-4187-8d1d-9e89552abe92,normal,F-015,1,0,0.0
normal-008,cc1ad56e-0db0-4187-8d1d-9e89552abe92,normal,F-016,3,1,33.333333333333336
normal-008,cc1ad56e-0db0-4187-8d1d-9e89552abe92,normal,F-017,2,0,0.0
normal-008,cc1ad56e-0db0-4187-8d1d-9e89552abe92,normal,F-018,3,3,100.0
normal-008,cc1ad56e-0db0-4187-8d1d-9e89552abe92,normal,F-019,3,2,66.66666666666667
normal-008,cc1ad56e-0db0-4187-8d1d-9e89552abe92,normal,F-020,4,3,75.0
normal-009,b8bb85c7-e468-42ff-ad70-e10746737b87,normal,F-001,4,4,100.0
normal-009,b8bb85c7-e468-42ff-ad70-e10746737b87,normal,F-002,4,3,75.0
normal-009,b8bb85c7-e468-42ff-ad70-e10746737b87,normal,F-003,2,2,100.0
normal-009,b8bb85c7-e468-42ff-ad70-e10746737b87,normal,F-004,3,2,66.66666666666667
normal-009,b8bb85c7-e468-42ff-ad70-e10746737b87,normal,F-005,2,1,50.0
normal-009,b8bb85c7-e468-42ff-ad70-e10746737b87,normal,F-006,6,6,100.0
normal-009,b8bb85c7-e468-42ff-ad70-e10746737b87,normal,F-007,3,0,0.0
normal-009,b8bb85c7-e468-42ff-ad70-e10746737b87,normal,F-008,4,2,50.0
normal-009,b8bb85c7-e468-42ff-ad70-e10746737b87,normal,F-009,2,1,50.0
normal-009,b8bb85c7-e468-42ff-ad70-e10746737b87,normal,F-010,3,3,100.0
normal-009,b8bb85c7-e468-42ff-ad70-e10746737b87,normal,F-011,2,2,100.0
normal-009,b8bb85c7-e468-42ff-ad70-e10746737b87,normal,F-012,2,1,50.0
normal-009,b8bb85c7-e468-42ff-ad70-e10746737b87,normal,F-013,2,1,50.0
normal-009,b8bb85c7-e468-42ff-ad70-e10746737b87,normal,F-014,2,2,100.0
normal-009,b8bb85c7-e468-42ff-ad70-e10746737b87,normal,F-015,1,0,0.0
normal-009,b8bb85c7-e468-42ff-ad70-e10746737b87,normal,F-016,3,1,33.333333333333336
normal-009,b8bb85c7-e468-42ff-ad70-e10746737b87,normal,F-017,2,0,0.0
normal-009,b8bb85c7-e468-42ff-ad70-e10746737b87,normal,F-018,3,3,100.0
normal-009,b8bb85c7-e468-42ff-ad70-e10746737b87,normal,F-019,3,2,66.66666666666667
normal-009,b8bb85c7-e468-42ff-ad70-e10746737b87,normal,F-020,4,3,75.0
normal-010,ba9b31f3-7a29-4fad-ac2d-bba3bac61a0f,normal,F-001,4,4,100.0
normal-010,ba9b31f3-7a29-4fad-ac2d-bba3bac61a0f,normal,F-002,4,4,100.0
normal-010,ba9b31f3-7a29-4fad-ac2d-bba3bac61a0f,normal,F-003,2,1,50.0
normal-010,ba9b31f3-7a29-4fad-ac2d-bba3bac61a0f,normal,F-004,3,1,33.333333333333336
normal-010,ba9b31f3-7a29-4fad-ac2d-bba3bac61a0f,normal,F-005,2,2,100.0
normal-010,ba9b31f3-7a29-4fad-ac2d-bba3bac61a0f,normal,F-006,6,5,83.33333333333333
normal-010,ba9b31f3-7a29-4fad-ac2d-bba3bac61a0f,normal,F-007,3,0,0.0
normal-010,ba9b31f3-7a29-4fad-ac2d-bba3bac61a0f,normal,F-008,4,2,50.0
normal-010,ba9b31f3-7a29-4fad-ac2d-bba3bac61a0f,normal,F-009,2,2,100.0
normal-010,ba9b31f3-7a29-4fad-ac2d-bba3bac61a0f,normal,F-010,3,3,100.0
normal-010,ba9b31f3-7a29-4fad-ac2d-bba3bac61a0f,normal,F-011,2,2,100.0
normal-010,ba9b31f3-7a29-4fad-ac2d-bba3bac61a0f,normal,F-012,2,1,50.0
normal-010,ba9b31f3-7a29-4fad-ac2d-bba3bac61a0f,normal,F-013,2,1,50.0
normal-010,ba9b31f3-7a29-4fad-ac2d-bba3bac61a0f,normal,F-014,2,1,50.0
normal-010,ba9b31f3-7a29-4fad-ac2d-bba3bac61a0f,normal,F-015,1,0,0.0
normal-010,ba9b31f3-7a29-4fad-ac2d-bba3bac61a0f,normal,F-016,3,1,33.333333333333336
normal-010,ba9b31f3-7a29-4fad-ac2d-bba3bac61a0f,normal,F-017,2,0,0.0
normal-010,ba9b31f3-7a29-4fad-ac2d-bba3bac61a0f,normal,F-018,3,3,100.0
normal-010,ba9b31f3-7a29-4fad-ac2d-bba3bac61a0f,normal,F-019,3,2,66.66666666666667
normal-010,ba9b31f3-7a29-4fad-ac2d-bba3bac61a0f,normal,F-020,4,4,100.0
