planned_run,run_id,condition,condition_label,pair_id,execution_order,first_condition,total_tokens,source_total_tokens,source_usage_complete,passed,failed,blocked,errors,denominator,raw_score,evaluation_id,submission_hash,evaluation_validity,elapsed_seconds,http_200,http_400,exit_code,end_reason,started_at,ended_at
anti-001,256a2bf5-a8db-4a43-81bc-17bc38eda0d3,anti,不整合条件,1,1,anti,7168678,7168678,1,32,17,8,0,57,56.14035087719298,55cb359f-b3d4-4718-9ff0-7d22e8a8d291,f21b262efb7e3e444d3bb9cc2176ccdc45cb4b501d6ebe3e9076cda047cbcd6a,invalid,1102.122734233,127,0,137,agent_error,2026-09-09T23:53:27.613095+00:00,2026-09-10T00:11:49.737853+00:00
normal-001,daedcc21-8243-4234-8df7-945db1b684c0,normal,通常条件,1,2,anti,7791933,,0,31,15,11,0,57,54.3859649122807,04d5df29-90d6-4c89-8a4e-f7c4946b2b96,6cfe9293f5ebb775cf4a0c3af4f5191fadd02ccc7dd88741b8aba3a30dda4f63,pending,672.9076047140001,124,10,0,agent_completed,2026-09-10T01:38:13.855908+00:00,2026-09-10T01:49:26.765323+00:00
normal-002,6a301665-ffc6-40e3-918a-d7fad37e8d29,normal,通常条件,2,3,normal,5938760,5938760,1,50,7,0,0,57,87.71929824561404,34f2bf8a-14bb-4ccf-a834-fd95f57120a6,2a864e4618996c56344eee0d4b76a8bf1e11b5bf080029b49dc4dd3eb225a238,pending,645.8316490139999,118,0,0,agent_completed,2026-09-10T01:52:41.445154+00:00,2026-09-10T02:03:27.278944+00:00
anti-002,11440dd4-c70f-466e-b37a-96376727430e,anti,不整合条件,2,4,normal,8981662,,0,33,21,3,0,57,57.89473684210526,5a74c522-9727-460f-b330-b0b9674ddcab,0738b0e902b4be6232bbb1e299234079ba2ddd78359300a1dceb06095a3f90b7,pending,769.2288236669999,153,4,0,agent_completed,2026-09-10T02:07:24.522342+00:00,2026-09-10T02:20:13.753208+00:00
anti-003,9a8c5ff6-e5df-4b20-8646-cf11e16ed257,anti,不整合条件,3,5,anti,9125827,9125827,1,29,20,8,0,57,50.87719298245614,7e20cd9d-2f88-415a-934f-14ecf781a9d1,87f736835260b0da2198fd1f5e119854fb4c43be7c74974009ee3ad5f17c8132,pending,705.007227821,152,0,137,agent_completed,2026-09-10T02:25:43.383168+00:00,2026-09-10T02:37:28.392194+00:00
normal-003,cf27fbcf-5851-4bb9-8d56-b0fb385878e7,normal,通常条件,3,6,anti,7642137,,0,42,15,0,0,57,73.6842105263158,79c28b3a-4baa-4a81-a83c-a8f42da4b717,dd718aa97992f40afe4eb0d419019b40d290e736c32adfd4edabbe01db9e9acf,pending,622.5546170000002,124,3,137,agent_completed,2026-09-10T02:43:43.990986+00:00,2026-09-10T02:54:06.547905+00:00
anti-004,47b5dc69-6cad-48e4-9959-339ef37bccd4,anti,不整合条件,4,7,anti,5091795,5091795,1,3,1,53,0,57,5.2631578947368425,b51d0072-9a86-4e06-95a7-7bc1562d771c,f0d2598cc2dcac3622ddb92cd91cf44cd607af8201da622a13542554b66b62d9,pending,722.8375337469997,102,0,0,agent_completed,2026-09-10T03:01:19.192696+00:00,2026-09-10T03:13:22.032111+00:00
normal-004,833a4f06-b9c0-4a95-a03e-65dea5922e72,normal,通常条件,4,8,anti,7165382,7165382,1,42,15,0,0,57,73.6842105263158,7d42fdd0-7a68-4b11-bfe3-a1f1a5fb3b46,8856d45fdda3dc43ccc923b1bbb8a2b7f6654c0c4b9ca08dcacda95425633fac,pending,653.6502480969993,133,0,0,agent_completed,2026-09-10T03:21:21.852975+00:00,2026-09-10T03:32:15.505126+00:00
normal-005,4fec6537-4704-46a5-a732-8ea312b2551c,normal,通常条件,5,9,normal,7257799,,0,42,15,0,0,57,73.6842105263158,bed22a25-b5e5-4124-be25-eaf44f2023d0,8ab09258b63c9886ad4add70c5518e0c60b4a8290aa01acd7afe4fc2717330a9,pending,731.0838700370005,117,9,137,agent_completed,2026-09-10T03:41:07.962398+00:00,2026-09-10T03:53:15.774203+00:00
anti-005,600f4ba8-acdf-42ae-99e7-c86b95372d7e,anti,不整合条件,5,10,normal,5326742,5326742,1,21,8,28,0,57,36.8421052631579,e3e6f2e9-b0b8-4f4b-ac43-376a06f2773c,d4e26ddee8486f2dbb325043160d9d7b89cbd737bff1c302604d9c83d49dfe52,pending,656.4344648040005,118,0,0,agent_completed,2026-09-10T04:03:20.412573+00:00,2026-09-10T04:14:06.751962+00:00
normal-006,bf51ba90-dc2c-4f70-85da-a9de5642d0a4,normal,通常条件,6,11,normal,9080470,,0,37,13,7,0,57,64.91228070175438,41898b27-30df-4236-9760-baec6f699927,a2f91fbf3bb6d05c17bd3fc518162bdcf1ee52e1e0dae91b76e75aa761ee6ebb,pending,894.1695410779994,151,2,0,agent_completed,2026-09-10T04:25:03.429978+00:00,2026-09-10T04:39:40.653413+00:00
anti-006,6af34679-56f4-46d3-96f9-270931c32699,anti,不整合条件,6,12,normal,6200432,6200432,1,26,23,8,0,57,45.6140350877193,db310dfc-e839-4833-8d46-3fa20f6e1b88,d97e411d85df844b265ec4bc6affe4d80a4a0dc7328af8ed706fa841242e64ce,pending,682.7255318309999,105,0,137,agent_completed,2026-09-10T04:52:09.984170+00:00,2026-09-10T05:03:17.846564+00:00
normal-007,09dbcec8-c9c3-49ec-921c-766894607e07,normal,通常条件,7,13,normal,5014337,5014337,1,40,9,8,0,57,70.17543859649123,ed0e4c75-c806-491e-b474-710e2a602912,fe1f8f87e8ee60a5221ee0de9b8da45cdf2e724707aadc9c526f3cf0915c5087,pending,648.0386382529996,106,0,137,agent_completed,2026-09-10T05:15:50.864548+00:00,2026-09-10T05:26:23.344773+00:00
anti-007,76cac053-f623-45d1-96ff-c77edf4a0bee,anti,不整合条件,7,14,normal,4443911,4443911,1,31,26,0,0,57,54.3859649122807,ca426959-1d8c-43b3-b9c8-c083495f7393,f1e74918bbc269ab50410c67a0cc6b6b72b7d55bc0a213cab90a8e28454d8a94,pending,638.7119814959988,85,0,137,agent_completed,2026-09-10T05:39:53.097054+00:00,2026-09-10T05:50:14.989268+00:00
anti-008,69c2fcf8-cab9-49f0-ae99-d1aef80a64ab,anti,不整合条件,8,15,anti,3965456,3965456,1,31,18,8,0,57,54.3859649122807,b49f8844-5ba3-4166-a62a-62434e0083f7,709a3dc39689b1f0b71336fed4f99ddab7e6bf5efa6fcdf6fe3e0671b510d726,pending,604.0726913000017,81,0,0,agent_completed,2026-09-10T06:04:30.888256+00:00,2026-09-10T06:14:17.770676+00:00
normal-008,cc1ad56e-0db0-4187-8d1d-9e89552abe92,normal,通常条件,8,16,anti,6165950,6165950,1,40,9,8,0,57,70.17543859649123,3e8a42fa-6424-4ab4-89e1-582efd444fb2,2b42ff14937250bf9eceb359fa9e69a3dec925062a480858fd04ec094540df2d,pending,644.4595332289973,118,0,0,agent_completed,2026-09-10T06:29:18.284715+00:00,2026-09-10T06:39:43.553748+00:00
anti-009,dc4b4eaa-b0e8-4bf9-abbd-f777a2008ee6,anti,不整合条件,9,17,anti,6079458,6079458,1,39,18,0,0,57,68.42105263157895,0d517b73-c4e5-46f0-899b-e72979026898,785dbb4a650bfe1008a8ce40a65fb85c8540e4c2f478fdb431743333604754a5,pending,751.7365665949983,119,0,0,agent_completed,2026-09-10T06:55:47.752784+00:00,2026-09-10T07:07:57.697520+00:00
normal-009,b8bb85c7-e468-42ff-ad70-e10746737b87,normal,通常条件,9,18,anti,7238639,,0,39,9,9,0,57,68.42105263157895,068beb0a-7e3b-48f5-b1f8-9473dfc5e2d2,78dd337d6a66f08bf80b5a933460692b89d1f0739f64300ac39416663fed8018,pending,825.1715630969993,128,1,0,agent_completed,2026-09-10T07:25:05.893645+00:00,2026-09-10T07:38:24.723156+00:00
anti-010,7e5974e1-e419-4e9d-96f3-332c91617c78,anti,不整合条件,10,19,anti,6650722,6650722,1,13,35,9,0,57,22.80701754385965,60ea41fe-16e4-4586-a4ec-76f8279947e8,2c4e6f80c92d843ffe0e878a3f5ac4d895d7a7d5e5f2ac9e96d291998027c2a4,pending,732.5660913129977,112,0,137,agent_completed,2026-09-10T07:56:42.012103+00:00,2026-09-10T08:08:31.641549+00:00
normal-010,ba9b31f3-7a29-4fad-ac2d-bba3bac61a0f,normal,通常条件,10,20,anti,7991897,7991897,1,39,9,9,0,57,68.42105263157895,91823a4d-a62e-4ada-a118-ff735a53ecdd,9c27863ec5d780e2656735e3898d11b56188558078bb925fd699a213dd9b8626,pending,838.7355598150025,151,0,0,agent_completed,2026-09-10T08:27:09.128509+00:00,2026-09-10T08:40:36.868113+00:00
