label,run_id,condition,model_id,recorded_total_tokens,source_total_tokens,source_usage_complete,evaluation_outcome,evaluation_validity,effective_quality,evaluation_uuid,submission_hash,raw_end_reason,exit_code,elapsed_seconds,completion_declaration_captured,static_threshold_yen,recorded_threshold_yen,explicit_conflict_recorded,business_assertion_reached,prerequisite_blocked,evaluation_unresolved,reachability_unknown,recorded_input_tokens,recorded_output_tokens,recorded_cached_input_tokens,usage_requests,cached_detail_requests,http_200,http_400,http_429,http_503,score_available,passed_ids,pass_rate,source_passed_ids,source_failed_cases,source_blocked_cases,tokens_per_recorded_request
N-00f64f,00f64f52-6070-4f28-9070-cc52bdf4de13,normal,muse-spark-1.2-contributor,5155785,5155785,True,completed,pending,,4922d5a7-60a4-457b-87d1-0e5de58f3361,c991a37db91633a509a07de9fd5c9e77ed10c2b321064bdc81a9aa754dfe837e,agent_completed,137,715.3195311970003,True,1000000,1000000,False,53,0,5,0,5103392,52393,5004497,98,98,98,0,0,0,True,44,77.19298245614036,44,13,0,52610.051020408166
N-09dbce,09dbcec8-c9c3-49ec-921c-766894607e07,normal,muse-spark-1.2-contributor,5014337,5014337,True,completed,pending,,ed0e4c75-c806-491e-b474-710e2a602912,fe1f8f87e8ee60a5221ee0de9b8da45cdf2e724707aadc9c526f3cf0915c5087,agent_completed,137,648.0386382529996,True,1000000,1000000,False,47,8,12,0,4967905,46432,4877913,106,106,106,0,0,0,True,40,70.17543859649123,40,9,8,47305.06603773585
A-11440d,11440dd4-c70f-466e-b37a-96376727430e,anti,muse-spark-1.2-contributor,8981662,,False,completed,pending,,5a74c522-9727-460f-b330-b0b9674ddcab,0738b0e902b4be6232bbb1e299234079ba2ddd78359300a1dceb06095a3f90b7,agent_completed,0,769.2288236669999,False,500000,500000,True,43,3,15,0,8927496,54166,8807320,153,153,153,4,0,0,True,33,57.89473684210526,33,21,3,58703.67320261438
A-133cba,133cba3d-7333-4f8a-be4f-f44b8e93e154,anti,muse-spark-1.2-contributor,7340607,,False,completed,pending,,c763cade-9714-46fb-9e14-48728ba072c7,3edf4183ffafc986f600f3cd7818609b26c8df23c9e558e53bb6bbd0a576c1cf,agent_completed,0,604.5483914639999,False,500000,500000,True,40,9,18,0,7295664,44943,7180747,124,124,124,4,0,0,True,29,50.87719298245614,29,19,9,59198.4435483871
A-15c9af,15c9af27-f25b-43b4-a75c-409991b14a37,anti,muse-spark-1.2-contributor,4806861,4806861,True,completed,pending,,b9468858-c8d8-442d-ae0a-594003d287ca,d3a1089277c143b8781d85eec011f7185bb88eba9c551c82cc80f701ededc603,agent_completed,0,693.9527767220006,False,500000,500000,True,39,8,19,0,4752321,54540,4650080,97,97,97,0,0,0,True,26,45.6140350877193,26,23,8,49555.26804123711
N-1e69ea,1e69ea5e-7f7f-40e3-b95b-94663edf4734,normal,muse-spark-1.2-contributor,3864560,3864560,True,completed,pending,,6c439cb9-6403-4b33-b8e9-a0ede7468821,440ce9e893fcc851f341559c1d26ba3ff3a5789c9d645a706008b9b73dc5c19a,agent_completed,0,580.3690495599999,False,1000000,1000000,False,48,0,10,0,3822990,41570,3741799,88,88,88,0,0,0,True,37,64.91228070175438,37,20,0,43915.454545454544
A-256a2b,256a2bf5-a8db-4a43-81bc-17bc38eda0d3,anti,muse-spark-1.2-contributor,7168678,7168678,True,completed,invalid,,55cb359f-b3d4-4718-9ff0-7d22e8a8d291,f21b262efb7e3e444d3bb9cc2176ccdc45cb4b501d6ebe3e9076cda047cbcd6a,agent_error,137,1102.122734233,True,500000,500000,True,41,8,19,0,7114382,54296,6942893,127,127,127,0,0,0,True,32,56.14035087719298,32,17,8,56446.28346456693
A-25a01c,25a01c2b-cf66-4053-848c-9af10ef2ef81,anti,muse-spark-1.2-contributor,10679074,,False,completed,pending,,9d0b59f4-aea9-4110-b1b5-78ea84266b2c,fab9ae917395a995174261e4d1b0d125ebf19225e993acf0f4605a8ff69a1808,agent_completed,137,865.826889192,True,500000,500000,True,6,54,0,0,10615928,63146,10487539,164,164,164,6,0,0,True,3,5.2631578947368425,3,1,54,65116.30487804878
N-2645ec,2645ec0d-e014-4d99-96ce-ec0b0dc714fb,normal,muse-spark-1.2-contributor,7333748,,False,completed,pending,,8fac4a65-6ccb-43ce-b510-0cb219b6ddec,cc7e020f53cafe5932406f2877b7aa4f3b976a4b7253225bcde0ed7f9fbea6df,agent_completed,0,752.8965338790003,False,1000000,1000000,False,54,0,5,0,7282154,51594,7167119,128,128,128,1,0,0,True,47,82.45614035087719,47,10,0,57294.90625
A-3528ca,3528ca0e-fdcd-49f7-bedd-4e4826f9c3fd,anti,muse-spark-1.2-contributor,5537808,5537808,True,completed,pending,,d8788ec3-674c-40ab-9c91-459c4fdd6e0a,d7b2c609ae4c96c315564e35c5b4af0904acd950417f98de75739033fad3344b,agent_completed,0,651.486668128,True,500000,500000,True,50,0,8,0,5484533,53275,5372256,97,97,97,0,0,0,True,39,68.42105263157895,39,18,0,57090.80412371134
A-38fba7,38fba73c-e82c-49e2-9dd4-3fca7d63bdfd,anti,muse-spark-1.2-contributor,8751236,8751236,True,completed,pending,,72df94ab-b14d-4c6d-bf5c-b120217f3b21,9e5c43e27f6ecc588b1117b774bf45e9ee6108d107848aa64f03bff86011a079,agent_completed,137,1102.721628065,True,500000,500000,True,6,54,0,0,8701669,49567,8592860,157,157,157,0,0,0,True,3,5.2631578947368425,3,1,54,55740.35668789809
A-41824f,41824f90-f8f8-45bc-b801-1762e265cd0f,anti,muse-spark-1.2-contributor,14864139,,False,completed,pending,,550e32e7-1135-428a-a2bf-f1e14fee5f0b,ad529701ba27a10b7c72cfd4c7b34444c452c1aa3505bf85ea8e66c163093c25,agent_completed,0,1500.859435399,True,500000,500000,True,49,0,10,0,14749025,115114,14265475,181,181,181,26,0,0,True,37,64.91228070175438,37,20,0,82122.31491712708
N-434b58,434b58e3-f948-4cfb-92a5-577b1c4c4af8,normal,muse-spark-1.2-contributor,7088804,7088804,True,completed,pending,,e4dd3f7a-4e39-41fa-b7a4-32d0f52a5a15,bdddabf233b8c1ca7f65b7a33d3f9765004bc36f77a01817822cd8a1bd127cc3,agent_completed,0,688.2149668069997,False,1000000,,False,55,0,4,0,7039912,48892,6939317,134,134,134,0,0,0,True,50,87.71929824561404,50,7,0,52901.522388059704
N-451385,451385f8-693c-4881-927a-2fd87ad343e5,normal,muse-spark-1.2-contributor,4030191,4030191,True,completed,pending,,b22545a8-8448-40f7-a4f4-9c53fcd1fb58,69f8db1639de8fefc3d08d222edbdc0f40a5de815cf541ad547347d9b2685e90,agent_completed,0,543.577822876,True,1000000,1000000,False,26,29,32,0,3982787,47404,3890535,88,88,88,0,0,0,True,19,33.333333333333336,19,10,29,45797.625
A-47b5dc,47b5dc69-6cad-48e4-9959-339ef37bccd4,anti,muse-spark-1.2-contributor,5091795,5091795,True,completed,pending,,b51d0072-9a86-4e06-95a7-7bc1562d771c,f0d2598cc2dcac3622ddb92cd91cf44cd607af8201da622a13542554b66b62d9,agent_completed,0,722.8375337469997,False,500000,500000,True,6,54,0,0,5041622,50173,4948245,102,102,102,0,0,0,True,3,5.2631578947368425,3,1,54,49919.55882352941
N-4fec65,4fec6537-4704-46a5-a732-8ea312b2551c,normal,muse-spark-1.2-contributor,7257799,,False,completed,pending,,bed22a25-b5e5-4124-be25-eaf44f2023d0,8ab09258b63c9886ad4add70c5518e0c60b4a8290aa01acd7afe4fc2717330a9,agent_completed,137,731.0838700370005,True,1000000,1000000,False,53,0,6,0,7190303,67496,7070388,117,117,117,9,0,0,True,42,73.6842105263158,42,15,0,62032.470085470086
N-51463b,51463b84-66e0-4a29-9992-b74a598cf1cc,normal,muse-spark-1.2-contributor,11217678,,False,completed,pending,,42139772-695b-4dbe-94a7-742314e4f2aa,ab36fa5f464705d3d6a1fa9ef58dbe99885234ad3ee00d638930c2e456cfbf7c,agent_completed,0,959.6846324829994,False,1000000,1000000,False,56,0,2,0,11156229,61449,10928356,166,166,166,13,0,0,True,46,80.70175438596492,46,11,0,67576.3734939759
N-5864c2,5864c2dd-59e9-4a85-b07d-28c093aaa16a,normal,muse-spark-1.2-contributor,4149022,4149022,True,completed,pending,,cf836794-f141-477b-9bd6-6313c02b0094,6aa8583465fa541a2cb03a636f7317135841aef9227f53607ff072ee7ce629d3,agent_completed,0,457.1234462279999,False,1000000,1000000,False,46,9,12,0,4107996,41026,4020809,90,90,90,0,0,0,True,38,66.66666666666667,38,10,9,46100.24444444444
A-5a7c90,5a7c902f-5503-4289-9afc-76609043cc3a,anti,muse-spark-1.2-contributor,4336507,4336507,True,completed,pending,,7c3b137f-12b1-49f0-a05c-ff3ad1b0c5c5,f808d727094fd9dc89f818610dc836b2150656f953b8206801b287ea6ac7ed97,agent_completed,0,490.04248809899946,False,500000,500000,True,50,0,8,0,4295566,40941,4197690,91,91,91,0,0,0,True,38,66.66666666666667,38,19,0,47653.92307692308
A-600f4b,600f4ba8-acdf-42ae-99e7-c86b95372d7e,anti,muse-spark-1.2-contributor,5326742,5326742,True,completed,pending,,e3e6f2e9-b0b8-4f4b-ac43-376a06f2773c,d4e26ddee8486f2dbb325043160d9d7b89cbd737bff1c302604d9c83d49dfe52,agent_completed,0,656.4344648040005,False,500000,500000,True,26,29,32,0,5279334,47408,5188517,118,118,118,0,0,0,True,21,36.8421052631579,21,8,29,45141.8813559322
A-69c2fc,69c2fcf8-cab9-49f0-ae99-d1aef80a64ab,anti,muse-spark-1.2-contributor,3965456,3965456,True,completed,pending,,b49f8844-5ba3-4166-a62a-62434e0083f7,709a3dc39689b1f0b71336fed4f99ddab7e6bf5efa6fcdf6fe3e0671b510d726,agent_completed,0,604.0726913000017,True,500000,500000,True,40,8,18,0,3918555,46901,3824464,81,81,81,0,0,0,True,31,54.3859649122807,31,18,8,48956.246913580246
A-6a0f73,6a0f735d-c6df-4cd3-bcb6-489807e94b58,anti,muse-spark-1.2-contributor,6717113,6717113,True,completed,pending,,11c23cd6-35fd-42df-8884-61694e5b58e5,278b84a3fbccf922ecf217a7e7499c8c0860d27ac7172c871e07fa8aad423a95,agent_completed,0,768.5682422890004,False,500000,500000,True,47,1,11,0,6668257,48856,6490571,125,125,125,0,0,0,True,37,64.91228070175438,37,19,1,53736.904
N-6a3016,6a301665-ffc6-40e3-918a-d7fad37e8d29,normal,muse-spark-1.2-contributor,5938760,5938760,True,completed,pending,,34f2bf8a-14bb-4ccf-a834-fd95f57120a6,2a864e4618996c56344eee0d4b76a8bf1e11b5bf080029b49dc4dd3eb225a238,agent_completed,0,645.8316490139999,False,1000000,1000000,False,56,0,2,0,5888527,50233,5789221,118,118,118,0,0,0,True,50,87.71929824561404,50,7,0,50328.47457627119
A-6af346,6af34679-56f4-46d3-96f9-270931c32699,anti,muse-spark-1.2-contributor,6200432,6200432,True,completed,pending,,db310dfc-e839-4833-8d46-3fa20f6e1b88,d97e411d85df844b265ec4bc6affe4d80a4a0dc7328af8ed706fa841242e64ce,agent_completed,137,682.7255318309999,True,500000,500000,True,38,8,20,0,6148714,51718,6043112,105,105,105,0,0,0,True,26,45.6140350877193,26,23,8,59051.73333333333
N-71ff89,71ff896b-3c40-4903-a819-e4d5aa98f11b,normal,muse-spark-1.2-contributor,4651992,4651992,True,completed,pending,,fb4f0baf-93d5-4de2-8e4a-39c940f963f7,907abc7c0bfe93ae3a346e2cda2f13e882c2b87fde5d2815440b172f8bbb00f5,agent_completed,0,550.5846395369999,True,1000000,1000000,False,55,0,3,0,4609660,42332,4522065,98,98,98,0,0,0,True,47,82.45614035087719,47,10,0,47469.30612244898
N-724b28,724b281a-c3d0-43a8-85df-6e8df56845e7,normal,muse-spark-1.2-contributor,7878575,7878575,True,completed,pending,,cc5921d1-a29b-4d50-80c3-7e4856f46ac0,c5dc4dc6aaaa48e1ef3786024838d1dd4a3bd110a6a180b4dee0de7dd5012cc0,agent_completed,0,726.9645889079993,False,1000000,,False,0,53,58,0,7826435,52140,7723152,145,145,145,0,0,0,True,0,0.0,0,5,53,54335.0
A-740a2f,740a2f8e-7509-4915-880d-a21086bffe9a,anti,muse-spark-1.2-contributor,5773485,5773485,True,completed,pending,,a9c087e4-565a-4e61-8352-a86fb3594ed0,3d12405ef2e01348d8164a294173796fefe91dcbf0beca34bbd60154f2d79486,agent_completed,137,645.8996580180001,True,500000,500000,True,43,3,12,0,5727037,46448,5636201,122,122,122,0,0,0,True,24,42.10526315789474,24,30,3,47323.647540983606
A-76cac0,76cac053-f623-45d1-96ff-c77edf4a0bee,anti,muse-spark-1.2-contributor,4443911,4443911,True,completed,pending,,ca426959-1d8c-43b3-b9c8-c083495f7393,f1e74918bbc269ab50410c67a0cc6b6b72b7d55bc0a213cab90a8e28454d8a94,agent_completed,137,638.7119814959988,True,500000,500000,True,44,0,14,0,4393308,50603,4289812,85,85,85,0,0,0,True,31,54.3859649122807,31,26,0,52281.30588235294
N-7cce7b,7cce7b2d-1ee9-410e-a216-da48d74b3f23,normal,muse-spark-1.2-contributor,4975149,4975149,True,completed,pending,,00228dd0-e23b-41fa-9916-b99f1355b824,68d2d139ab91936c33e9fdcbc737da5c7d48111b54088fea9c921ef9c4e45642,agent_completed,137,603.8925859059998,True,1000000,1000000,False,52,0,6,0,4927735,47414,4830666,107,107,107,0,0,0,True,46,80.70175438596492,46,11,0,46496.719626168226
A-7e5974,7e5974e1-e419-4e9d-96f3-332c91617c78,anti,muse-spark-1.2-contributor,6650722,6650722,True,completed,pending,,60ea41fe-16e4-4586-a4ec-76f8279947e8,2c4e6f80c92d843ffe0e878a3f5ac4d895d7a7d5e5f2ac9e96d291998027c2a4,agent_completed,137,732.5660913129977,True,500000,500000,True,18,9,40,0,6597494,53228,6490623,112,112,112,0,0,0,True,13,22.80701754385965,13,36,9,59381.44642857143
N-833a4f,833a4f06-b9c0-4a95-a03e-65dea5922e72,normal,muse-spark-1.2-contributor,7165382,7165382,True,completed,pending,,7d42fdd0-7a68-4b11-bfe3-a1f1a5fb3b46,8856d45fdda3dc43ccc923b1bbb8a2b7f6654c0c4b9ca08dcacda95425633fac,agent_completed,0,653.6502480969993,False,1000000,1000000,False,54,0,4,0,7116667,48715,7015620,133,133,133,0,0,0,True,42,73.6842105263158,42,15,0,53875.05263157895
A-8521b6,8521b60c-d58e-4f17-8cd0-75cf45d82d8b,anti,muse-spark-1.2-contributor,4984487,4984487,True,completed,pending,,07419fd9-a581-4df9-b7a4-005c1e8fe645,608613d705148b839dce1d14ef1e5a1ce99944b9bbd7d25006a8179fc2aad68f,agent_completed,0,576.054134553,True,500000,500000,True,6,54,0,0,4938577,45910,4836335,96,96,96,0,0,0,True,3,5.2631578947368425,3,1,54,51921.739583333336
N-8562d6,8562d613-be4e-4350-9e8d-8ac02a644845,normal,muse-spark-1.2-contributor,8838558,8838558,True,completed,pending,,829cf941-f2d4-4cab-9845-afc996955c21,9244c77e6c2344e0f31907ebb6e6ebf7612a0d11b2a206277d184a2ebadc3f1b,agent_completed,137,953.5525990059996,True,1000000,,False,53,0,6,0,8784058,54500,8517679,162,162,162,0,0,0,True,40,70.17543859649123,40,17,0,54559.0
A-8685c6,8685c69d-7825-4148-9052-9543c7ede4fc,anti,muse-spark-1.2-contributor,9566667,9566667,True,server_unavailable,pending,,7872a0f5-9ab2-4e4e-8f2d-8d5b6be0b51b,e2db04257ac023117baba046d88299f3aa394bd4d937cfc8e679153f8e9fd7ef,agent_completed,137,1513.8398115610003,True,500000,500000,True,0,0,0,58,9500357,66310,9381552,177,177,177,0,0,0,False,,,0,0,58,54048.96610169492
A-87a272,87a2727c-dec6-49d9-a03b-cd33351c7f48,anti,muse-spark-1.2-contributor,7365900,7365900,True,completed,pending,,07ab9268-3217-4612-b237-0cb306a1093b,831ac9b3b51f2332fbc2f29109030c2bf1522926614ac940c5154df45d92a9eb,agent_completed,0,710.4814085999997,False,500000,500000,True,44,6,14,0,7315096,50804,7209585,130,130,130,0,0,0,True,34,59.64912280701754,34,17,6,56660.769230769234
A-9305af,9305af1b-22f7-490c-9f39-d6e7f82619fb,anti,muse-spark-1.2-contributor,6847170,6847170,True,completed,pending,,9da2677b-4e85-4e2e-be99-ad9349b09736,31a5aab2b9f6523c0817d5997a8c2aee37b0957430248e69ffd6e5046cc702ef,agent_completed,0,683.024100547,False,500000,500000,True,40,1,20,0,6798548,48622,6697020,125,125,125,0,0,0,True,28,49.12280701754386,28,28,1,54777.36
N-959de7,959de722-b6ae-433c-80fe-fc5062db90e7,normal,muse-spark-1.2-contributor,11119210,,False,completed,pending,,addb5e13-e1ef-481e-a61b-e73854391386,59cdbb2e8f11fe5a10df11ae6c7738a58110a77d8809b0a2c0e0504938c5a728,agent_completed,137,1605.2721194879996,True,1000000,1000000,False,51,5,7,0,11046391,72819,10895700,149,149,149,20,0,0,True,38,66.66666666666667,38,14,5,74625.57046979865
A-9a8c5f,9a8c5ff6-e5df-4b20-8646-cf11e16ed257,anti,muse-spark-1.2-contributor,9125827,9125827,True,completed,pending,,7e20cd9d-2f88-415a-934f-14ecf781a9d1,87f736835260b0da2198fd1f5e119854fb4c43be7c74974009ee3ad5f17c8132,agent_completed,137,705.007227821,True,500000,500000,True,40,8,18,0,9068400,57427,8954791,152,152,152,0,0,0,True,29,50.87719298245614,29,20,8,60038.33552631579
N-9b477a,9b477a67-1f93-4d09-b58a-d7969894d590,normal,muse-spark-1.2-contributor,10230592,,False,completed,pending,,9338a04d-2ba2-4ef8-a08d-556bb79d7ca0,170a932dfe7e6b4d70fba40486ae3aad43f5257807a6a4bdbce148f6a491448e,agent_completed,0,984.750398121,True,1000000,,False,52,3,6,0,10169325,61267,10049019,172,172,172,0,0,0,True,46,80.70175438596492,46,8,3,59480.186046511626
N-a95e10,a95e1037-7728-4d70-836a-f0f8b9604e94,normal,muse-spark-1.2-contributor,6895579,6895579,True,completed,pending,,15bdf62d-683f-435d-af40-c014bfa47bdd,f78d7b56bfce1aea82cc3c9f6d1dd6cd29c403142862ace0cbd156180a348d5d,agent_completed,0,707.4263357259997,True,1000000,,False,55,0,3,0,6842143,53436,6743906,131,131,131,0,0,0,True,50,87.71929824561404,50,7,0,52638.00763358779
A-aa86b7,aa86b7d9-3527-4481-926b-d65012b6fd06,anti,muse-spark-1.2-contributor,7697596,7697596,True,completed,pending,,c8fc6626-425f-4eb2-a5db-b4255385888c,af637111fb09145ee01738c8cc51385d1e82cf5a55dffa5e0af65b08d2dcd6e7,agent_completed,0,773.2177219099999,True,500000,500000,True,50,0,8,0,7641120,56476,7531927,136,136,136,0,0,0,True,38,66.66666666666667,38,19,0,56599.970588235294
N-b81827,b8182790-1837-4290-b467-47ac1231783b,normal,muse-spark-1.2-contributor,13272983,,False,completed,pending,,75e54e2b-93b7-460a-a77c-d9066791dbac,57b149c6d800006ff63fc61196b5629344cab89ae19bb6ba47b4aa342bbf39cb,agent_completed,0,963.4255353439994,False,1000000,1000000,False,55,0,4,0,13208315,64668,13065753,170,170,170,29,0,0,True,51,89.47368421052632,51,6,0,78076.3705882353
N-b8bb85,b8bb85c7-e468-42ff-ad70-e10746737b87,normal,muse-spark-1.2-contributor,7238639,,False,completed,pending,,068beb0a-7e3b-48f5-b1f8-9473dfc5e2d2,78dd337d6a66f08bf80b5a933460692b89d1f0739f64300ac39416663fed8018,agent_completed,0,825.1715630969993,False,1000000,1000000,False,45,8,13,0,7187725,50914,7070735,128,128,128,1,0,0,True,39,68.42105263157895,39,9,9,56551.8671875
N-ba9b31,ba9b31f3-7a29-4fad-ac2d-bba3bac61a0f,normal,muse-spark-1.2-contributor,7991897,7991897,True,completed,pending,,91823a4d-a62e-4ada-a118-ff735a53ecdd,9c27863ec5d780e2656735e3898d11b56188558078bb925fd699a213dd9b8626,agent_completed,0,838.7355598150025,False,1000000,1000000,False,47,9,11,0,7936073,55824,7829174,151,151,151,0,0,0,True,39,68.42105263157895,39,9,9,52926.470198675495
N-bf51ba,bf51ba90-dc2c-4f70-85da-a9de5642d0a4,normal,muse-spark-1.2-contributor,9080470,,False,completed,pending,,41898b27-30df-4236-9760-baec6f699927,a2f91fbf3bb6d05c17bd3fc518162bdcf1ee52e1e0dae91b76e75aa761ee6ebb,agent_completed,0,894.1695410779994,True,1000000,1000000,False,44,7,14,0,9011745,68725,8889398,151,151,151,2,0,0,True,37,64.91228070175438,37,13,7,60135.562913907284
A-c27674,c276743a-2030-42c6-a0b7-e8c787f6f37b,anti,muse-spark-1.2-contributor,4993359,4993359,True,completed,pending,,fc01be25-cb2b-41a1-be35-df8fb6e80021,3bdff9aa1911a7a77f5df55e0d949d2669b09fb45627f82dccb35fbcc6abd87e,agent_completed,0,627.0852492200002,False,500000,500000,True,16,9,42,0,4940228,53131,4829084,93,93,93,0,0,0,True,14,24.56140350877193,14,35,9,53692.032258064515
A-ca85fc,ca85fc9b-7678-41f4-88bb-257f702ea65b,anti,muse-spark-1.2-contributor,6499827,6499827,True,completed,pending,,4e5e0eb8-b678-4bc8-83dc-4319454b682f,9f92b74397fb78fe391c28d574500c14f431f121cac11ecb02ab47954983c0b0,agent_completed,0,729.9921799609999,False,500000,500000,True,46,4,12,0,6448885,50942,6345630,127,127,127,0,0,0,True,33,57.89473684210526,33,20,4,51179.740157480315
A-cb52fe,cb52fec6-4294-41ad-8a10-e507d4995f0d,anti,muse-spark-1.2-contributor,6331375,6331375,True,completed,pending,,aadb2544-5ffc-478a-96e7-ebbd4d5b82f9,8794c208d64e5f3fd2b06d3374bdfad341b44ad9b65ce4f38bf7c5486a557393,agent_completed,0,789.9520182749998,False,500000,500000,True,29,29,29,0,6277272,54103,6172468,117,117,117,0,0,0,True,25,43.85964912280702,25,4,29,54114.31623931624
N-cbbb10,cbbb10c7-8f02-4692-8214-a371b9bcc307,normal,muse-spark-1.2-contributor,4664666,4664666,True,completed,pending,,8d7d2d3c-68eb-4552-8cc3-dbd3c8d777f5,6bf226848a2f21998f6d423d8a8a288a5bc4df15b6387a4066e14247f0851541,agent_completed,0,610.8273929269999,False,1000000,1000000,False,19,8,39,0,4606997,57669,4505033,90,90,90,0,0,0,True,17,29.82456140350877,17,33,8,51829.62222222222
N-cc1ad5,cc1ad56e-0db0-4187-8d1d-9e89552abe92,normal,muse-spark-1.2-contributor,6165950,6165950,True,completed,pending,,3e8a42fa-6424-4ab4-89e1-582efd444fb2,2b42ff14937250bf9eceb359fa9e69a3dec925062a480858fd04ec094540df2d,agent_completed,0,644.4595332289973,False,1000000,1000000,False,47,8,11,0,6120715,45235,6012325,118,118,118,0,0,0,True,40,70.17543859649123,40,9,8,52253.813559322036
A-ccac6a,ccac6a7d-177d-46df-b4d1-a3a441da6f3a,anti,muse-spark-1.2-contributor,3782278,,False,completed,pending,,10d79c25-2978-435f-bd7c-fb3e793c02e0,4222dd294eef727acf78528adf8b8ea1fc2eb4d2f79c151401482d4308d83f3f,agent_completed,0,576.152101055,False,500000,500000,True,38,8,20,0,3731249,51029,3632381,78,78,78,0,0,0,True,30,52.63157894736842,30,19,8,48490.743589743586
N-cd059f,cd059f6d-258d-45e1-a395-eecbda0ac97a,normal,muse-spark-1.2-contributor,7937543,7937543,True,completed,pending,,cdf66cb7-0870-4384-89a0-74c4d8e896b8,262410dc28b78fc6243fa41571aff8073cf3638dc6b6d184e44a5f7365170f46,agent_completed,0,836.4944422829999,False,1000000,1000000,False,18,31,38,0,7875541,62002,7759338,139,139,139,0,0,0,True,14,24.56140350877193,14,13,31,57104.625899280574
A-cdcf39,cdcf39ea-b857-4b0f-a3e7-75ad0395fd40,anti,muse-spark-1.2-contributor,5846879,,False,completed,pending,,7ce03e77-4971-43c2-acf6-7e05ff651087,6efbdf5419a20fe25d29350e3d6cb41e608757b3180d732c8a5a5617da4b412a,agent_completed,0,801.1632917819998,False,500000,500000,True,48,0,10,0,5789513,57366,5670557,110,110,110,2,0,0,True,36,63.1578947368421,36,21,0,53153.44545454546
N-cf27fb,cf27fbcf-5851-4bb9-8d56-b0fb385878e7,normal,muse-spark-1.2-contributor,7642137,,False,completed,pending,,79c28b3a-4baa-4a81-a83c-a8f42da4b717,dd718aa97992f40afe4eb0d419019b40d290e736c32adfd4edabbe01db9e9acf,agent_completed,137,622.5546170000002,True,1000000,1000000,False,52,0,6,0,7590463,51674,7475147,124,124,124,3,0,0,True,42,73.6842105263158,42,15,0,61630.1370967742
N-cf6129,cf61291c-7b69-4c30-880e-0d7c8a036a2f,normal,muse-spark-1.2-contributor,64175188,,False,server_unavailable,pending,,1041753a-9a1b-466f-941b-836393c8d49c,9d2c469d5e6c52c56b1856015050aea6d292c213e4e4cebc14ec946c12ec69f4,agent_completed,0,3026.428787582,False,1000000,1000000,False,0,0,0,58,64052857,122331,62745459,549,549,549,183,0,0,False,,,0,0,58,116894.69581056466
N-daedcc,daedcc21-8243-4234-8df7-945db1b684c0,normal,muse-spark-1.2-contributor,7791933,,False,completed,pending,,04d5df29-90d6-4c89-8a4e-f7c4946b2b96,6cfe9293f5ebb775cf4a0c3af4f5191fadd02ccc7dd88741b8aba3a30dda4f63,agent_completed,0,672.9076047140001,False,1000000,1000000,False,41,10,17,0,7733412,58521,7610443,124,124,124,10,0,0,True,31,54.3859649122807,31,15,11,62838.16935483871
A-dc4b4e,dc4b4eaa-b0e8-4bf9-abbd-f777a2008ee6,anti,muse-spark-1.2-contributor,6079458,6079458,True,completed,pending,,0d517b73-c4e5-46f0-899b-e72979026898,785dbb4a650bfe1008a8ce40a65fb85c8540e4c2f478fdb431743333604754a5,agent_completed,0,751.7365665949983,False,500000,500000,True,56,0,2,0,6033587,45871,5940502,119,119,119,0,0,0,True,39,68.42105263157895,39,18,0,51087.882352941175
A-ea8716,ea871692-692b-4028-8456-126aba55dac8,anti,muse-spark-1.2-contributor,5652510,5652510,True,completed,pending,,09624fca-0af0-49a1-bd24-37a2eff7d8d9,fd404c7c2f4c6806e922ebf4f4724e866db729285da3a22e6b57d20336770f10,agent_completed,0,656.2392921910005,False,500000,500000,True,41,8,17,0,5596420,56090,5493751,104,104,104,0,0,0,True,33,57.89473684210526,33,16,8,54351.057692307695
N-ee1408,ee1408e4-2eaa-49ef-a4d9-61c77eef7ab9,normal,muse-spark-1.2-contributor,15518424,,False,server_unavailable,pending,,439472fb-f203-420a-9e2f-2a0901763aa8,b097c11dde32ce988e1c6748f80d7ad8a6a5175b8f4077749e99e4c3a1ea76e7,agent_completed,0,3340.3755708709996,False,1000000,1000000,False,0,0,0,58,15424149,94275,15110336,193,193,197,34,0,0,False,,,0,0,58,80406.34196891192
N-f74740,f7474040-55b4-40da-b89d-a9a016139246,normal,muse-spark-1.2-contributor,6338994,6338994,True,completed,pending,,d3021999-25e8-4920-ae99-976a65e1fdb5,d7fefb14e628c361cfad124cc88d3579e4d94d68037bfef116eb5be8f52a610b,agent_completed,0,705.188568626,False,1000000,1000000,False,58,0,0,0,6290414,48580,6183709,110,110,110,0,0,0,True,45,78.94736842105263,45,12,0,57627.218181818185
